Start,End
3783.247,3783.444
3783.439,3783.662
3783.756,3784.337
3784.793,3786.681
3787.876,3788.146
3789.452,3789.655
3789.96,3790.178
3790.325,3790.768
3793.453,3794.311
3794.73,3794.895
3795.549,3795.772
3796.318,3797.314
3797.802,3797.825
3798.005,3798.113
3800.815,3801.565
3801.66,3802.328
3802.491,3802.704
3803.427,3804.492
3804.77,3805.022
3805.156,3806.224
3806.771,3807.234
3810.153,3810.123
3810.877,3811.763
3813.014,3813.783
3819.579,3819.78
3823.98,3824.1
3825.007,3825.284
3825.69,3825.75
3827.457,3827.567
3828.298,3827.535
3829.361,3829.529
3843.206,3843.647
3844.486,3856.407
3845.408,3845.496
3845.709,3846.045
3851.445,3851.711
3852.649,3853.269
3854.86,3855.102
3855.185,3855.269
3862.492,3863.534
3863.737,3864.118
3867.151,3867.671
3882.231,3882.329
3891.992,3892.234
3892.378,3892.559
3893.085,3893.355
3896.096,3897.269
3897.278,3897.792
3898.684,3898.921
3901.782,3902.015
3902.76,3902.863
3903.136,3903.289
3904.451,3905.812
3905.928,3906.179
3907.826,3907.982
3908.261,3908.409
3909.907,3910.705
3913.124,3913.509
3913.98,3914.455
3915.787,3916.002
3917.641,3917.755
3918.425,3918.568
3919.483,3919.946
3920.765,3921.022
3921.642,3921.875
3925.114,3925.385
3928.484,3928.638
3932.314,3932.447
3946.854,3947.132
3950.871,3950.967
3951.336,3951.406
3951.538,3952.108
3951.744,3952.001
3953.373,3953.615
3955.746,3955.953
3958.344,3958.502
3959.76,3959.966
3960.253,3961.078
3963.138,3963.362
3963.713,3963.904
3972.951,3973.223
3979.193,3979.731
3980.18,3980.534
3980.387,3930.547
3981.04,3981.28
3982.031,3982.167
3982.583,3982.693
3988.065,3988.64
3989.011,3989.877
3990.642,3990.801
3992.4,3992.743
3992.907,3994.061
3994.79,3995.195
3996.904,3997.062
3999.294,3999.676
4000.13,4000.555
4001.087,4001.303
4001.437,4001.545
4001.841,4002.493
4002.982,4003.426
4004.203,4004.792
4005.028,4005.387
4005.953,4006.283
4007.784,4007.982
4008.819,4009.184
4010.157,4010.393
4010.595,4016.479
4012.909,4013.468
4016.469,4016.677
4017.625,4018.163
4019.559,4019.723
4026.084,4026.202
4027.918,4028.117
4028.405,4028.773
4032.808,4032.904
4035.16,4035.314
4036.906,4037.966
4038.352,4038.511
4039.684,4040.089
4040.935,4041.549
4042.878,4041.991
4043.329,4043.457
4044.773,4044.884
4047.825,4048.318
4050.185,4050.396
4052.242,4052.417
4052.822,4052.923
4055.483,4055.781
4057.135,4057.269
4057.518,4057.768
4058.724,4059.121
4060.304,4060.679
4061.529,4061.772
4062.469,4062.752
4063.837,4064.032
4067.085,4067.425
4067.573,4067.681
4067.788,4068.068
4068.879,4068.944
4070.743,4070.952
4071.529,4071.879
4076.985,4077.266
4078.179,4078.539
4082.184,4082.321
4082.639,4082.848
4085.259,4085.384
4085.882,4086.082
4089.433,4089.623
4090.106,4090.278
4091.093,4091.195
4092.85,4094.351
4097.176,4098.101
4098.962,4099.258
4099.984,4100.119
4101.068,4101.225
4102.18,4102.312
4105.833,4106.049
4106.152,4106.255
4108.017,4108.479
4109.023,4109.235
4111.035,4111.579
4111.778,4112.301
4112.651,4112.876
4113.189,4113.422
4113.556,4113.805
4114.223,4114.773
4115.064,4115.382
4116.827,4117.106
4117.687,4118.051
4119.246,4119.571
4120.633,4121.005
4121.452,4121.939
4123.057,4123.223
4123.364,4123.546
4124.486,4124.601
4125.026,4125.181
4125.995,4126.714
4128.155,4128.616
4129.421,4129.649
4129.97,4130.244
4131.486,4132.209
4132.439,4132.676
4133.785,4133.983
4135.084,4135.449
4135.673,4135.775
4135.962,4137.593
4138.896,4141.001
4141.19,4141.504
4142.3,4142.968
4143.544,4143.721
4143.95,4144.426
4146.458,4147.183
4147.733,4148.426
4149.021,4150.237
4154.135,4154.476
4155.35,4155.591
4156.193,4157.188
4156.622,4154.914
4157.378,4157.584
4158.269,4158.575
4159.075,4159.875
4160.076,4160.461
4161.144,4161.495
4163.234,4164.764
4165.277,4165.379
4166.62,4166.86
4167.136,4168.272
4168.7,4168.918
4170.965,4171.439
4171.733,4171.92
4172.115,4172.779
4175.44,4175.543
4175.846,4176.053
4176.99,4177.682
4177.962,4178.53
4179.155,4179.625
4180.094,4180.744
4181.109,4181.844
4182.231,4182.493
4183,4183.285
4184.459,4184.595
4184.748,4185.445
4186.668,4187.235
4187.439,4187.737
4190.187,4190.244
4191.219,4191.381
4191.486,4191.828
4193.048,4193.48
4194.761,4195.059
4198.213,4198.622
4199.093,4199.373
4201.041,4201.184
4202.619,4202.839
4203.463,4203.594
4204.205,4204.684
4208.481,4209.722
4210.595,4210.959
4213.144,4213.354
4214.112,4214.77
4214.905,4215.105
4215.471,4215.614
4215.851,4216.459
4217.454,4217.742
4217.882,4218.316
4219.116,4219.511
4220.069,4220.232
4220.701,4221.178
4223.505,4223.683
4224.049,4224.207
4225.769,4225.899
4226.433,4226.571
4229.241,4229.62
4230.105,4230.651
4231.008,4231.844
4232.955,4233.525
4235.1,4235.669
4236.441,4236.689
4238.175,4238.445
4238.806,4239.133
4241.299,4241.496
4241.693,4241.857
4245.371,4245.704
4246.083,4246.39
4249.029,4249.358
4249.454,4249.628
4250.264,4250.58
4250.973,4251.097
4252.041,4252.761
4253.459,4253.544
4253.864,4254.079
4257.169,4257.38
4257.481,4257.874
4260.866,4261.063
4263.453,4263.996
4264.676,4264.928
4265.706,4266.189
4266.523,4266.925
4267.454,4268.116
4269.085,4269.245
4269.571,4269.905
4270.687,4271.133
4273.656,4273.826
4274.805,4274.957
4276.652,4277.217
4278.07,4278.373
4278.813,4278.949
4279.658,4279.978
4280.461,4280.577
4281.662,4281.815
4282.74,4282.854
4289.67,4289.833
4292.773,4293.012
4293.815,4293.93
4294.561,4294.675
4295.711,4295.893
4296.032,4296.179
4297.237,4297.349
4297.836,4298.108
4298.202,4298.906
4299.286,4299.513
4300.885,4301.499
4302.603,4302.841
4317.039,4317.383
4318.217,4318.328
4319.349,4319.487
4319.944,4320.099
4320.809,4321.126
4322.316,4322.782
4323.948,4324.099
4324.762,4324.99
4325.316,4326.147
4326.269,4326.365
4328.034,4328.24
4329.18,4329.351
4329.699,4331.006
4331.508,4332.075
4332.208,4332.713
4333.628,4333.906
4334.176,4334.331
4335.022,4335.394
4336.239,4336.751
4337.97,4338.15
4339.499,4339.786
4340.219,4340.691
4342.273,4342.525
4343.348,4343.637
4346.49,4347.056
4351.499,4351.718
4351.837,4351.974
4352.455,4352.627
4354.025,4354.123
4355.656,4355.86
4356.019,4356.222
4358.192,4358.444
4359.127,4359.222
4359.799,4360.466
4362.094,4362.782
4363.159,4363.791
4365.456,4365.645
4366.629,4366.88
4369.28,4369.48
4369.79,4369.96
4370.05,4370.24
4370.588,4370.876
4371.214,4371.313
4372.32,4372.546
4375.738,4375.931
4376.66,4377.042
4377.367,4377.9
4378.421,4378.714
4378.988,4379.073
4379.609,4380.442
4381.503,4381.882
4382.058,4382.895
4385.972,4386.026
4386.751,4387.232
4389.838,4390.047
4391.053,4391.182
4391.268,4391.501
4391.93,4392.059
4392.426,4392.87
4394.021,4394.173
4394.911,4395.187
4397.427,4397.648
4398.462,4398.64
4400.382,4400.645
4401.29,4401.512
4402.144,4402.474
4403.53,4404.795
4405.14,4405.415
4407.133,4407.307
4409.1,4409.253
4409.808,4410.274
4411.137,4411.496
4412.361,4412.614
4413.314,4414.733
4415.221,4415.899
4416.938,4417.5
4418.553,4418.652
4419.207,4419.376
4420.407,4420.628
4420.963,4421.639
4423.224,4423.768
4423.88,4424.362
4424.773,4424.952
4425.369,4426.141
4427.553,4427.803
4429.063,4429.26
4430.325,4430.659
4430.943,4431.767
4431.925,4432.057
4432.658,4433.277
4435.541,4435.791
4436.468,4436.845
4437.686,4438.07
4439.685,4440.733
4441.283,4441.524
4441.784,4441.985
4442.177,4442.368
4442.674,4442.875
4447.012,4447.586
4448.442,4448.717
4449.393,4450.311
4450.636,4451.267
4453.919,4454.166
4454.675,4454.858
4455.016,4455.103
4457.635,4457.789
4461.803,4462.117
4463.832,4464.148
4464.421,4464.596
4465.313,4465.609
4466.088,4466.718
4467.032,4467.234
4468.643,4468.713
4469.013,4469.293
4469.871,4469.99
4470.179,4470.347
4472.612,4472.866
4473.693,4473.858
4474.815,4475.632
4475.967,4476.158
4476.53,4476.692
4478.245,4479.183
4479.762,4480.691
4481.586,4481.779
4484.337,4484.508
4484.715,4484.93
4485.718,4486.607
4487.393,4489.204
4490.516,4490.834
4491.424,4491.96
4492.89,4493.05
4494.844,4495.282
4495.965,4496.169
4497.446,4497.942
4497.467,4497.901
4499.471,4499.92
4500.571,4500.794
4500.602,4500.815
4502.629,4503.02
4502.649,4503.02
4503.609,4503.778
4503.618,4503.798
4504.215,4504.938
4504.235,4504.928
4505.864,4506.051
4505.874,4506.051
4506.384,4507.282
4506.404,4507.175
4508.165,4508.398
4508.562,4509.409
4508.571,4509.428
4511.127,4511.657
4511.136,4511.61
4512.204,4513.003
4512.233,4513.003
4513.582,4513.769
4513.601,4513.778
4514.512,4515.224
4514.577,4515.049
4515.602,4516.152
4515.703,4516.18
4516.737,4516.947
4517.492,4518.261
4517.492,4518.27
4518.522,4518.711
4518.549,4518.711
4520.016,4520.62
4520.025,4521.15
4522.283,4523.838
4522.309,4522.562
4523.535,4523.838
4524.886,4525.091
4524.886,4525.1
4525.262,4525.654
4525.288,4525.611
4526.146,4526.332
4526.172,4526.332
4565.54,4565.675
4565.873,4566.092
4567.263,4567.439
4568.211,4568.355
4570.253,4570.567
4570.719,4570.841
4571.567,4571.889
4572.5,4572.66
4573,4573.149
4573.418,4573.518
4575.68,4575.837
4576.082,4576.277
4576.599,4576.969
4577.736,4578.151
4578.623,4578.873
4579.17,4579.477
4579.925,4580.477
4581.942,4582.393
4583.494,4583.726
4584.171,4584.319
4584.928,4585.056
4585.488,4586.055
4586.955,4587.082
4587.335,4587.561
4588.496,4588.952
4589.877,4590.426
4592.161,4592.595
4592.916,4593.158
4593.382,4593.76
4594.343,4594.77
4595.076,4595.254
4596.141,4596.377
4596.712,4596.838
4598.148,4598.688
4598.254,4598.434
4599.544,4599.807
4600.227,4600.437
4601.814,4601.939
4602.395,4602.716
4603.088,4603.201
4604.822,4605.189
4606.326,4606.589
4606.69,4606.841
4609.293,4610.273
4611.364,4611.687
4612.817,4613.35
4615.08,4615.319
4616.951,4617.121
4617.516,4617.638
4619.049,4619.892
4621.572,4621.745
4622.291,4623.411
4623.797,4623.941
4624.584,4624.754
4625.278,4626.117
4626.496,4626.873
4627.004,4627.301
4627.997,4628.205
4628.585,4628.861
4629.856,4630.35
4630.698,4631.341
4631.694,4632.214
4633.135,4633.338
4633.562,4634.158
4634.296,4634.476
4636.07,4636.532
4638.242,4638.408
4638.967,4639.225
4639.781,4640.428
4641.438,4642.423
4642.938,4643.391
4644.023,4644.214
4644.972,4645.915
4646.665,4647.019
4647.715,4648.048
4648.379,4648.632
4648.943,4649.388
4650.093,4650.4
4650.803,4651.071
4651.691,4652.498
4652.754,4653.329
4653.62,4655.681
4656.115,4657.052
4658.582,4658.754
4660.059,4660.273
4661.191,4661.607
4661.854,4662.066
4662.409,4662.725
4662.961,4663.197
4665.18,4665.89
4666.401,4666.723
4667.408,4667.534
4667.857,4667.987
4668.375,4668.709
4671.885,4672.938
4674.537,4675.315
4675.532,4675.801
4676.1,4676.306
4677.373,4678.128
4678.625,4678.838
4679.304,4679.989
4680.742,4681.401
4681.819,4681.988
4684.011,4684.695
4685.231,4685.784
4686.036,4686.248
4686.702,4687.45
4687.603,4688.424
4688.585,4688.718
4689.674,4690.585
4690.885,4691.36
4691.77,4692.529
4692.787,4693.082
4693.751,4694.454
4695.848,4696.118
4696.54,4697.494
4697.84,4698.168
4698.961,4699.347
4700.289,4700.835
4701.653,4701.851
4702.441,4702.577
4702.934,4703.13
4703.308,4703.604
4705.371,4705.985
4707.793,4708.261
4709.002,4709.171
4711.448,4711.541
4711.822,4712.714
4713.467,4715.635
4717.162,4717.935
4719.102,4719.429
4720.211,4720.713
4722.666,4723.315
4724.009,4724.355
4724.805,4725.368
4725.948,4727.166
4727.57,4728.243
4728.532,4728.644
4728.997,4729.802
4732.106,4732.45
4733.261,4733.709
4733.897,4734.654
4735.186,4735.372
4735.46,4737.064
4738.182,4738.501
4739.025,4739.281
4740.035,4740.233
4740.901,4741.315
4742.088,4742.359
4742.544,4742.782
4743.537,4743.796
4746.04,4746.358
4747.363,4747.815
4749.238,4749.779
4750.939,4751.052
4752.336,4752.499
4753.284,4753.507
4754.418,4754.64
4755.535,4755.805
4757.101,4757.319
4759.619,4760.514
4760.747,4761.336
4762.297,4762.727
4765.498,4765.75
4765.946,4766.783
4768.139,4768.249
4769.817,4770.999
4772.329,4772.984
4774.363,4775.416
4776.825,4776.992
4777.754,4779.39
4784.421,4784.75
4785.1,4787.161
4788.369,4788.742
4792.345,4792.537
4793.475,4793.776
4797.315,4797.55
4798.301,4798.466
4798.894,4799.232
4801.163,4801.401
4801.782,4801.943
4803.02,4803.209
4803.687,4803.874
4804.332,4804.481
4806.542,4806.652
4807.154,4807.391
4807.619,4807.746
4809.89,4810.166
4810.424,4810.664
4811.997,4812.163
4817.575,4819.007
4819.269,4821.087
4822.235,4822.417
4823.567,4823.821
4824.488,4824.825
4826.178,4826.794
4827.645,4828.09
4829.581,4830.214
4832.671,4832.922
4834.645,4835.711
4835.907,4836.113
4836.564,4837.1
4837.412,4837.509
4837.713,4838.003
4842.752,4843.079
4843.256,4843.452
4844.702,4844.804
4847.077,4848.221
4848.722,4848.936
4850.6,4850.952
4853.159,4853.72
4855.18,4855.48
4856.86,4856.959
4857.212,4857.311
4857.935,4858.328
4859.036,4859.568
4863.246,4863.395
4865.082,4865.229
4868.159,4868.355
4869.421,4869.543
4870.226,4870.53
4872.316,4872.486
4874.367,4874.535
4875.961,4876.088
4879.984,4881.3
4882.211,4882.845
4885.208,4885.545
4886.064,4886.382
4888.982,4889.777
4892.326,4892.597
4896.646,4897.472
4898.403,4900.607
4903.485,4903.877
4906.752,4909.004
4915.815,4916.07
4917.55,4917.985
4919.923,4920.189
4924.031,4924.804
4926.292,4926.871
4927.708,4928.735
4928.993,4929.161
4930.71,4931.487
4934.203,4934.462
4935.134,4935.335
4936.082,4936.671
4937.941,4938.634
4939.258,4939.465
4939.629,4939.847
4941.16,4941.613
4941.969,4942.817
4943.106,4943.586
4943.916,4944.054
4945.536,4946.576
4949.604,4949.809
4950.393,4950.903
4952.666,4953.319
4955.824,4956.12
4956.326,4957.549
4959.494,4959.791
4962.271,4962.553
4964.298,4966.001
4967.582,4967.772
4969.57,4970.031
4970.221,4970.337
4971.387,4971.812
4972.797,4973.071
4973.947,4974.264
4975.214,4976.091
4976.752,4977.009
4979.383,4979.548
4979.955,4980.197
4981.05,4981.41
4981.628,4981.736
4984.786,4985.075
4987.088,4987.246
4989.369,4990.146
4990.868,4991.125
4991.678,4992.097
4995.888,4996.741
4997.186,4998.032
4998.863,4999.544
4999.728,4999.883
5001.538,5001.653
5003.871,5004.124
5005.515,5005.7
5006.753,5006.881
5009.318,5009.561
5010.51,5010.67
5011.127,5011.325
5011.57,5011.826
5015.2,5015.496
5015.781,5016.224
5017.04,5017.367
5017.976,5018.144
5019.153,5019.621
5022.309,5022.485
5023.01,5023.534
5024.078,5024.296
5024.967,5025.129
5027.126,5027.35
5027.723,5028.01
5028.677,5029.1
5029.605,5029.952
5031.195,5032.119
5032.512,5033.253
5033.376,5033.991
5033.387,5033.263
5035.507,5036.516
5038.504,5038.989
5040.2,5040.396
5042.65,5042.958
5044.04,5044.924
5048.244,5049.549
5051.776,5052.018
5052.885,5052.967
5054.09,5054.195
5054.428,5055.577
5057.683,5058.209
5059.154,5059.358
5060.105,5060.77
5061.164,5060.725
5061.265,5061.366
5061.68,5063.385
5064.855,5065.93
5069.608,5069.8
5072.251,5072.472
5073.08,5073.415
5076.274,5076.971
5079.684,5080.315
5082.319,5082.428
5084.16,5084.383
5085.052,5085.409
5085.851,5086.197
5086.369,5086.684
5089.34,5089.48
5091.565,5091.822
5092.636,5092.964
5093.236,5093.39
5097.089,5097.791
5099.011,5099.301
5100.845,5101.144
5102.65,5103.184
5103.942,5104.28
5106.074,5106.653
5107.584,5107.971
5108.181,5108.445
5109.258,5109.914
5111.251,5111.672
5112.341,5112.888
5114.616,5114.754
5116.975,5117.143
5117.393,5118.007
5119.434,5119.773
5123.605,5123.995
5125.534,5125.948
5126.115,5126.381
5126.782,5127.485
5127.806,5128.688
5129.544,5129.851
5129.994,5130.481
5134.836,5134.956
5135.699,5136.146
5137.992,5138.146
5138.931,5139.132
5139.984,5140.29
5143.631,5143.839
5145.233,5145.944
5148.273,5148.826
5151.408,5151.596
5152.514,5153.119
5153.788,5154.552
5154.998,5155.411
5157.383,5157.64
5157.992,5159.278
5163.962,5164.27
5164.526,5164.71
5166.084,5166.721
5169.469,5169.904
5171.688,5172.097
5175.292,5177.892
5178.327,5178.568
5181.043,5181.356
5181.608,5183.569
5186.263,5186.533
5187.071,5187.258
5188.619,5188.816
5190.395,5190.716
5203.258,5203.62
5206.56,5206.873
5213.108,5213.358
5216.104,5216.26
5216.777,5217.524
5220.292,5220.765
5222.844,5223.094
5224.195,5224.525
5227.155,5227.924
5229.096,5229.453
5229.905,5230.154
5232.886,5233.237
5236.373,5236.603
5236.923,5237.038
5239.22,5239.39
5241.722,5241.912
5243.253,5243.672
5244.54,5244.77
5245.839,5246.165
5246.912,5247.752
5250.343,5250.534
5251.082,5251.608
5253.288,5253.599
5254.651,5254.836
5255.267,5255.605
5260.162,5261.256
5261.521,5261.688
5261.981,5262.216
5264.919,5265.062
5265.148,5265.31
5266.797,5266.967
5267.455,5267.848
5269.419,5269.751
5269.874,5270.033
5270.34,5270.524
5271.416,5271.586
5272.413,5272.777
5273.671,5273.803
5275.005,5275.304
5275.602,5276.139
5276.496,5276.698
5278.282,5278.423
5278.635,5280.122
5282.567,5282.923
5284.536,5284.718
5284.888,5284.968
5288.899,5289.885
5293.382,5293.857
5295.51,5295.712
5296.181,5296.393
5298.659,5298.763
5301.344,5302
5303.223,5303.618
5305.208,5305.528
5306.135,5307.037
5310.286,5311.82
5313.014,5313.372
5316.826,5317.355
5318.336,5318.519
5320.635,5320.744
5321.009,5321.214
5321.852,5322.009
5323.11,5323.421
5324.882,5325.425
5326.449,5326.883
5327.351,5327.538
5327.759,5327.934
5333.756,5333.992
5334.633,5335.35
5336.408,5336.585
5337.581,5338.087
5338.724,5338.943
5339.587,5340.229
5340.965,5341.116
5341.547,5341.848
5342.759,5342.898
5343.782,5343.994
5345.398,5345.586
5346.016,5346.121
5347.391,5347.671
5348.064,5349.113
5350.114,5350.378
5352.816,5353.016
5354.947,5355.584
5357.006,5357.354
5359.85,5360.03
5360.891,5361.306
5365.397,5365.754
5366.552,5366.772
5368.149,5368.441
5369.65,5370.468
5371.701,5371.939
5373.883,5374.19
5375.41,5378.174
5378.623,5378.853
5379.174,5380.59
5382.028,5382.4
5387.303,5387.718
5391.852,5392.245
5393.027,5393.68
5394.997,5395.973
5396.582,5397.075
5397.955,5398.302
5399.266,5399.579
5403.291,5403.752
5404.727,5404.979
5405.926,5406.272
5406.559,5406.722
5407.751,5407.997
5408.729,5409.159
5409.538,5409.74
5411.022,5411.173
5412.819,5413.65
5414.367,5414.97
5417.122,5417.317
5419.432,5419.901
5421.454,5421.668
5422.474,5422.888
5424.838,5425.363
5425.979,5426.095
5428.631,5428.871
5430.112,5430.452
5431.311,5431.401
5431.784,5432.613
5434.57,5434.714
5435.067,5435.288
5436.418,5436.614
5438.395,5438.902
5444.381,5445.776
5446.853,5447.789
5449.684,5450.143
5451.197,5452.771
5454.037,5454.211
5454.8,5454.963
5455.252,5455.644
5457.79,5458.019
5458.527,5458.958
5461.701,5461.976
5463.457,5463.729
5464.914,5465.627
5468.73,5469.079
5470.652,5471.058
5471.879,5472.436
5473.051,5473.981
5474.988,5475.303
5477.136,5477.736
5478.665,5479.145
5479.282,5479.396
5480.419,5480.905
5483.451,5483.684
5483.984,5484.328
5485.321,5485.717
5486.964,5487.54
5489.9,5490.806
5492.329,5492.487
5493.556,5494.066
5494.762,5494.907
5495.619,5495.907
5496.122,5496.358
5497.022,5497.348
5498.24,5498.835
5499.808,5500.077
5500.455,5500.882
5503.162,5503.532
5504.335,5504.538
5504.894,5505.105
5506.344,5506.55
5506.987,5507.334
5507.475,5507.987
5508.88,5509.415
5509.821,5510.34
5510.934,5511.475
5511.965,5512.304
5513.179,5513.379
5513.901,5514.001
5514.175,5514.41
5516.348,5517.902
5520.817,5521.021
5521.201,5521.536
5523.582,5523.818
5524.608,5525.266
5526.213,5526.586
5527.179,5527.492
5531.883,5532.582
5533.725,5534.027
5534.361,5534.539
5536.999,5537.295
5537.535,5538.047
5539.509,5540.391
5541.416,5543.226
5544.442,5544.994
5547.14,5547.385
5552.444,5552.916
5554.516,5554.874
5555.166,5555.257
5556.599,5557.869
5558.912,5559.182
5560.219,5560.972
5561.341,5561.595
5562.658,5562.885
5563.351,5564.143
5564.581,5565.031
5568.766,5568.864
5570.231,5570.583
5571.769,5572.456
5573.547,5574.144
5581.797,5582.322
5583.762,5585.971
5586.416,5587.954
5590.477,5590.736
5592.072,5592.607
5594.117,5594.402
5597.547,5598.094
5599.344,5599.681
5602.93,5604.226
5607.318,5608.887
5609.603,5609.979
5611.22,5611.439
5613.158,5613.401
5613.771,5614.051
5622.645,5623.059
5623.484,5623.933
5624.694,5625.043
5627.007,5628.904
5629.492,5629.997
5633.1,5634.259
5635.955,5637.208
5638.797,5639.153
5640.393,5640.8
5643.224,5643.364
5645.418,5645.738
5647.307,5647.517
5649.286,5649.618
5650.374,5650.848
5654.212,5654.473
5655.521,5656.442
5659.24,5660.007
5660.601,5660.785
5662.109,5662.41
5665.147,5665.482
5666.048,5666.291
5669.157,5669.359
5672.928,5673.35
5682.518,5683.295
5684.01,5684.128
5684.466,5685.247
5687.706,5688.015
5688.905,5689.337
5694.28,5695.53
5707.855,5708.496
5714.103,5714.275
5719.004,5719.263
5720.141,5720.797
5721.669,5721.899
5722.473,5722.957
5725.157,5725.459
5732.95,5733.168
5736.92,5737.133
5741.278,5741.463
5741.923,5742.245
5745.382,5746.146
5754.826,5755.935
5756.836,5758.643
5759.107,5759.446
5760.264,5760.539
5761.006,5761.199
5762.75,5763.269
5764.155,5764.359
5771.608,5771.936
5775.675,5776.255
5777.717,5778.407
5787.997,5788.349
5788.773,5789.159
5790.421,5790.959
5791.52,5792.15
5796.406,5796.88
5798.261,5799.368
5805.039,5805.347
5807.773,5808.064
5812.029,5812.594
5814.317,5814.893
5817.739,5817.94
5822.516,5822.854
5823.905,5824.268
5825.899,5826.246
5827.188,5827.519
5828.864,5829.232
5833.441,5834.352
5835.374,5836.366
5838.284,5838.723
5839.511,5839.723
5841.003,5841.511
5842.619,5843
5844.015,5844.903
5847.673,5848.46
5850.531,5850.766
5851.563,5851.949
5855.723,5856.19
5859.736,5860.081
5860.702,5861.011
5863.607,5863.867
5867.508,5867.983
5868.509,5868.918
5871.151,5871.788
5874.205,5874.566
5886.539,5887.773
5888.701,5888.949
5893.049,5894.41
5898.017,5899.74
5900.589,5900.81
5901.007,5901.802
5905.523,5907.19
5908.301,5908.677
5910.558,5910.999
5913.416,5914.85
5916.932,5917.479
5920.414,5923.23
5923.947,5926.129
5929.072,5929.34
5929.791,5930.097
5932.136,5934.946
5936.544,5939.029
5940.599,5942.452
5943.119,5943.333
5943.971,5945.137
5945.875,5948.868
5950.741,5951.011
5951.601,5952.023
5956.458,5957.406
5958.929,5961.733
5964.805,5966.694
5967.567,5967.825
5968.212,5970.909
5971.599,5973.211
5973.801,5974.535
5979.333,5979.737
5980.433,5981.169
5983.791,5984.098
5985.488,5986.084
5986.698,5987.05
5990.34,5990.918
5992.519,5992.827
5993.344,5993.887
5995.758,5996.158
5997.435,5998.27
5998.72,5999.196
6002.247,6002.903
6003.624,6003.97
6005.561,6005.904
6007.506,6007.885
6014.047,6015.058
6017.5,6018.097
6021.392,6021.758
6024.066,6024.294
6026.736,6026.961
6028.923,6029.75
6030.538,6033.177
6038.471,6039.206
6042.978,6044.474
6048.122,6049.653
6056.915,6057.15
6059.104,6059.432
6062.111,6062.421
6064.596,6065.21
6079.391,6079.701
6082.957,6083.262
6088.792,6089.086
6091.039,6091.526
6102.507,6102.895
6105.551,6106.456
6108.795,6109.186
6116.002,6116.731
6124.203,6124.541
6131.074,6131.363
6132.813,6133.177
6139.117,6139.281
6139.771,6140.599
6144.695,6145.099
6148.054,6148.617
6150.238,6150.783
6153.747,6154.396
6156.054,6156.328
6157.864,6158.282
6166.103,6166.509
6167.562,6167.837
6169.463,6169.727
6171.555,6171.846
6172.427,6172.833
6181.403,6181.612
6190.095,6190.431
6195.915,6196.451
6198.578,6200.504
6206.417,6210.652
6213.579,6214.22
6216.105,6216.795
6217.063,6217.319
6218.247,6218.49
6225.854,6226.096
6229.151,6229.527
6232.598,6232.924
6235.135,6236.365
6246.645,6247.106
6251.119,6251.53
6255.194,6255.45
6256.268,6256.763
6257.536,6257.935
6263.064,6265.036
6267.026,6267.292
6269.272,6269.698
6270.447,6270.895
6275.583,6275.922
6278.144,6286.803
6289.326,6292.626
6292.908,6294.376
6294.623,6295.563
6296.033,6299.299
6299.955,6302.751
6303.555,6303.963
6304.356,6313.132
6314.402,6316.191
6316.578,6316.826
6317.87,6318.158
6318.801,6319.455
6320.527,6320.812
6321.122,6323.352
6325.267,6326.587
6333.426,6333.183
6343.905,6345.811
6346.024,6346.497
6351.892,6356.066
6356.863,6357.336
6361.905,6362.238
6363.281,6363.794
6370.216,6371.124
6374.218,6372.567
8706.55046900304,8707.879004450393
8709.007909678943,8712.181257284148
8723.00655460934,8728.803343166153
8731.686483790281,8737.6009806269
8738.599962818698,8744.158475573091
8746.989802696391,8754.025032662972
8754.879028276295,8757.802189193499
8761.883850643735,8764.885015207348
8769.012358340955,8772.206351674777
8774.338592763706,8775.11617833754
8780.910227626984,8781.306840408735
8782.424355891055,8787.95461858786
8805.530458392699,8806.798079813923
8807.321389835828,8810.417939578434
8810.750654007286,8812.075895123176
8813.89829531725,8826.295882128703
8830.267427646311,8830.780575672889
8584.818493366723,8595.85616871743
8599.544834417666,8600.059857335578
8603.175070509895,8608.097917930705
8608.560216916661,8609.142217591772
8609.823288225381,8613.861086136158
8614.414185239433,8615.694583629343
8616.989562090448,8618.376892883321
8618.863971605484,8623.675035953422
8624.249753156108,8634.525115836464
8635.982962005877,8638.803915756353
8643.557681801609,8645.628855913534
8651.418257389436,8655.065284623879
8658.796203761549,8659.43794433326
8664.264103866242,8664.8750420161
8670.350968267141,8676.466096218188
8677.49733546287,8677.93332263471
8681.036719538979,8681.63351064613
8682.15236895874,8683.03442527253
8685.057552021692,8685.612555231219
8689.644478942497,8690.171770476909
8691.236446670438,8697.496375256389
8701.300651667225,8701.616072897466
8702.8444976859,8706.447435975346
8466.29772488911,8469.745938643822
8471.062017622904,8473.700687822944
8474.279859319196,8475.785460828823
8478.246677937293,8483.037339072886
8483.701976906716,8484.104162717234
8485.327917998658,8498.539463936699
8502.040414207717,8502.420670680076
8503.615441487036,8508.47891337605
8511.831628275477,8512.126180577068
8513.905581599747,8516.146342096408
8516.617768561242,8517.251152889537
8517.702707632869,8528.793188238193
8529.17415621859,8530.055183295945
8531.842587281451,8538.118377807985
8539.832931696264,8541.172800516933
8542.947699865686,8543.34032356156
8543.86280488865,8544.855566296208
8549.994373641512,8552.426075999336
8555.930630827266,8558.70829184199
8561.132844621701,8565.02581983333
8573.95101915486,8578.354258453213
8583.070683488015,8583.748366039747
8351.125994151073,8367.739805472762
8368.15602618934,8389.837954716493
8390.263228796419,8398.642055933211
8399.35927349575,8414.426081006464
8414.815177718183,8424.998831533534
8425.306690989051,8425.79196144457
8426.598505386639,8428.634543093745
8431.662637708589,8436.56754851457
8438.467981641783,8441.69239905179
8442.441973396535,8449.163996770358
8451.89025343128,8466.296578232259
3777.698088278939,3778.0490273462983
3778.7993122835064,3779.0287066222413
3779.748401375971,3780.3971213636787
3780.699363163369,3781.943157307226
3780.7580542941673,3782.1673105263976
3782.3331062780426,3782.911758678072
3783.247,3783.444
3783.439,3783.662
3783.756,3784.337
3784.793,3786.681
3787.441706052157,3787.6643602699855
3787.876,3788.146
3789.452,3789.655
3789.96,3790.178
3790.325,3790.768
3791.909963816782,3792.101409700151
3792.2390515447682,3792.3536257039395
3793.453,3794.311
3794.73,3794.895
3795.549,3795.772
3796.318,3797.314
3797.802,3797.825
3798.005,3798.113
3800.815,3801.565
3801.66,3802.328
3802.491,3802.704
3803.427,3804.492
3804.77,3805.022
3805.156,3806.224
3806.771,3807.234
3810.153,3810.123
3810.877,3811.763
3812.534896878111,3812.7955282706553
3813.014,3813.783
3815.994198027079,3816.331439776293
3818.9483989404694,3819.2320287694847
3819.579,3819.78
3822.396637834907,3822.6710384983926
3823.98,3824.1
3825.007,3825.284
3825.69,3825.75
3827.457,3827.567
3828.298,3827.535
3829.361,3829.529
3834.4723172177414,3834.6095755904485
3842.6069816726235,3842.7274830527094
3843.206,3843.647
3844.486,3856.407
3845.408,3845.496
3845.709,3846.045
3851.445,3851.711
3852.649,3853.269
3854.86,3855.102
3855.185,3855.269
3857.8073256284265,3858.117757733256
3862.492,3863.534
3863.737,3864.118
3866.037271731525,3866.1440801108365
3866.3041002179216,3866.3954365894288
3867.151,3867.671
3872.134603876075,3872.494077622954
3874.3322600969123,3874.67213350375
3876.161405971916,3876.4625289484447
3876.6943788837307,3876.823016984279
3877.4985380881294,3877.6008588405507
3877.7031031139386,3877.822291446519
3880.892999705114,3881.0010647004724
3882.231,3882.329
3890.890364504616,3891.028061963707
3891.992,3892.234
3892.378,3892.559
3893.085,3893.355
3896.096,3897.269
3897.278,3897.792
3898.684,3898.921
3900.2876291623243,3900.678660966737
3901.0859149005187,3901.483359575516
3901.782,3902.015
3902.266275944959,3902.5234102795284
3902.76,3902.863
3903.136,3903.289
3904.183070003761,3904.3352464498935
3904.451,3905.812
3905.928,3906.179
3907.826,3907.982
3908.261,3908.409
3909.4390645077374,3909.7067874395057
3909.907,3910.705
3911.1328825387013,3911.3409637999616
3913.124,3913.509
3913.98,3914.455
3915.787,3916.002
3917.641,3917.755
3918.3601682600565,3918.622897758999
3918.425,3918.568
3918.840095251086,3919.0568462522447
3919.483,3919.946
3920.3332260018333,3921.1412796730056
3920.765,3921.022
3921.477287679894,3921.9066095512644
3921.642,3921.875
3922.9075198224796,3923.1032491263304
3925.114,3925.385
3927.748235142205,3928.4348807000842
3928.484,3928.638
3930.398261524727,3930.5669030428585
3932.314,3932.447
3934.4109886984465,3935.24241430746
3945.3447423359735,3945.5303374686205
3946.854,3947.132
3950.871,3950.967
3951.336,3951.406
3951.538,3952.108
3951.744,3952.001
3953.373,3953.615
3955.746,3955.953
3958.344,3958.502
3959.76,3959.966
3960.253,3961.078
3961.49576651986,3962.1677448151627
3963.138,3963.362
3963.713,3963.904
3972.951,3973.223
3973.523855494068,3973.966015662386
3976.361210975417,3976.8479236677513
3977.121526808365,3977.2625366191232
3978.175703542626,3978.516623412702
3979.193,3979.731
3980.18,3980.534
3980.387,3930.547
3981.04,3981.28
3982.031,3982.167
3982.583,3982.693
3984.336273869202,3984.7452948674786
3987.343588237414,3987.5148930508426
3988.065,3988.64
3989.011,3989.877
3990.642,3990.801
3991.609613176506,3991.7748628750674
3992.4,3992.743
3992.907,3994.061
3994.79,3995.195
3996.904,3997.062
3997.430741297365,3997.847904397818
3999.294,3999.676
4000.13,4000.555
4001.087,4001.303
4001.437,4001.545
4001.841,4002.493
4002.982,4003.426
4004.203,4004.792
4005.028,4005.387
4005.953,4006.283
4007.784,4007.982
4008.819,4009.184
4010.157,4010.393
4010.595,4016.479
4012.909,4013.468
4016.469,4016.677
4017.625,4018.163
4019.559,4019.723
4026.084,4026.202
4027.178888396976,4027.4779563586317
4027.918,4028.117
4028.405,4028.773
4029.0180162711727,4029.1344350320837
4029.634862660511,4029.8042565985047
4030.1157756016623,4030.6305163437783
4032.0847012786917,4032.7494514369196
4032.808,4032.904
4033.185048965943,4033.497825322863
4034.3284020557185,4034.810559398709
4035.16,4035.314
4035.744090621914,4036.059490132241
4036.906,4037.966
4038.352,4038.511
4039.684,4040.089
4040.3713544066077,4040.7740212471467
4040.935,4041.549
4041.550950807,4041.697600975991
4042.864411222401,4042.993355696799
4042.878,4041.991
4043.329,4043.457
4044.773,4044.884
4045.621594136978,4045.763239807036
4045.818276412897,4046.1949489486324
4046.2889203767877,4046.679621214836
4047.325169924836,4048.382486362944
4047.825,4048.318
4050.185,4050.396
4051.0521394280495,4051.2466500471924
4052.242,4052.417
4052.822,4052.923
4055.483,4055.781
4057.135,4057.269
4057.518,4057.768
4058.724,4059.121
4060.304,4060.679
4061.529,4061.772
4062.469,4062.752
4063.837,4064.032
4067.085,4067.425
4067.573,4067.681
4067.788,4068.068
4068.879,4068.944
4070.743,4070.952
4071.529,4071.879
4072.0810605463566,4072.580780015967
4073.125585357835,4073.5736655969777
4076.3546896324806,4076.538078199163
4076.985,4077.266
4077.4578336560157,4077.5788509230206
4077.8355447112417,4078.166792027652
4078.179,4078.539
4079.81783042999,4080.05829215933
4080.7774012016316,4080.924488845821
4082.184,4082.321
4082.532978803734,4083.0230123558053
4082.639,4082.848
4085.259,4085.384
4085.882,4086.082
4086.893342253379,4087.0519639909703
4087.4477265275336,4087.614486695339
4087.9211487968787,4088.139774426429
4088.784861765519,4088.9673704644706
4089.433,4089.623
4090.106,4090.278
4091.093,4091.195
4092.85,4094.351
4094.361698446172,4095.5887487836344
4097.176,4098.101
4098.522707307232,4098.739856891382
4098.962,4099.258
4099.984,4100.119
4101.068,4101.225
4102.18,4102.312
4102.517371241799,4102.827748612739
4104.53426479261,4104.793217711122
4105.3394799248035,4105.513376693762
4105.833,4106.049
4106.152,4106.255
4106.641721363955,4107.183106848921
4107.676154517449,4107.806127916345
4108.017,4108.479
4109.023,4109.235
4110.026146046039,4110.09013741292
4111.035,4111.579
4111.778,4112.301
4112.651,4112.876
4113.189,4113.422
4113.556,4113.805
4114.223,4114.773
4115.064,4115.382
4116.827,4117.106
4117.687,4118.051
4119.246,4119.571
4120.126972385168,4120.475038730993
4120.633,4121.005
4121.452,4121.939
4122.585416549257,4122.8768981895
4123.057,4123.223
4123.364,4123.546
4124.486,4124.601
4125.026,4125.181
4125.995,4126.714
4128.155,4128.616
4129.421,4129.649
4129.97,4130.244
4131.486,4132.209
4132.439,4132.676
4133.785,4133.983
4135.084,4135.449
4135.673,4135.775
4135.962,4137.593
4138.896,4141.001
4141.19,4141.504
4142.3,4142.968
4143.544,4143.721
4143.95,4144.426
4145.173401598603,4145.818597661398
4146.458,4147.183
4147.733,4148.426
4148.632713172757,4148.751850881405
4149.021,4150.237
4153.164571688083,4153.2876442984225
4154.135,4154.476
4154.608776664491,4154.924626170608
4155.35,4155.591
4156.193,4157.188
4156.622,4154.914
4157.378,4157.584
4158.0440320646185,4158.19342851109
4158.269,4158.575
4159.075,4159.875
4160.076,4160.461
4161.144,4161.495
4163.234,4164.764
4165.277,4165.379
4166.62,4166.86
4167.136,4168.272
4168.7,4168.918
4170.965,4171.439
4171.733,4171.92
4172.115,4172.779
4175.44,4175.543
4175.846,4176.053
4176.99,4177.682
4177.962,4178.53
4179.155,4179.625
4180.094,4180.744
4181.109,4181.844
4182.231,4182.493
4183,4183.285
4183.677535880876,4183.839591326933
4183.993334626764,4184.122644443831
4184.459,4184.595
4184.748,4185.445
4185.535506048927,4185.599311236033
4186.668,4187.235
4187.439,4187.737
4190.187,4190.244
4191.219,4191.381
4191.486,4191.828
4193.048,4193.48
4194.761,4195.059
4198.213,4198.622
4199.093,4199.373
4201.041,4201.184
4202.619,4202.839
4203.463,4203.594
4204.205,4204.684
4205.275344657967,4205.422163958232
4206.8812907601305,4207.630132109284
4208.481,4209.722
4210.595,4210.959
4211.184629892201,4211.406974006015
4211.669956358652,4212.01423747493
4212.308537717513,4213.016723356075
4213.144,4213.354
4214.112,4214.77
4214.905,4215.105
4215.409884402893,4215.838149091138
4215.471,4215.614
4215.851,4216.459
4216.8388414615665,4217.05040733457
4217.454,4217.742
4217.882,4218.316
4219.116,4219.511
4220.069,4220.232
4220.701,4221.178
4223.505,4223.683
4224.049,4224.207
4225.769,4225.899
4226.433,4226.571
4229.241,4229.62
4230.105,4230.651
4231.008,4231.844
4232.955,4233.525
4235.1,4235.669
4236.441,4236.689
4238.175,4238.445
4238.806,4239.133
4241.299,4241.496
4241.693,4241.857
4242.781124728765,4243.388558984972
4243.984742371465,4244.145335741561
4245.096140360234,4245.318683338587
4245.371,4245.704
4246.083,4246.39
4246.628849147475,4246.80130476029
4247.200025548601,4247.270233915884
4249.029,4249.358
4249.454,4249.628
4250.264,4250.58
4250.973,4251.097
4251.367635572,4251.948619619445
4252.041,4252.761
4253.459,4253.544
4253.864,4254.079
4255.67670181999,4256.093483792463
4257.169,4257.38
4257.481,4257.874
4260.866,4261.063
4262.026796600427,4262.34569115399
4263.262729653805,4263.447141704841
4263.453,4263.996
4264.391519190932,4264.591765910629
4264.676,4264.928
4265.706,4266.189
4266.523,4266.925
4267.454,4268.116
4269.085,4269.245
4269.571,4269.905
4270.033057757887,4270.3492227994875
4270.687,4271.133
4271.457481481853,4272.163303144327
4273.230265378325,4273.949511680259
4273.656,4273.826
4274.805,4274.957
4275.437934210676,4275.699929446678
4276.079894676206,4276.387640146514
4276.652,4277.217
4278.07,4278.373
4278.571574258451,4278.766691112049
4278.813,4278.949
4279.658,4279.978
4280.461,4280.577
4281.662,4281.815
4282.74,4282.854
4285.242020083506,4285.354197826201
4289.054327148618,4289.200012053397
4289.67,4289.833
4290.963529419666,4291.975306234583
4292.773,4293.012
4293.815,4293.93
4294.561,4294.675
4294.677781418018,4294.869974904174
4295.711,4295.893
4296.032,4296.179
4297.237,4297.349
4297.836,4298.108
4298.202,4298.906
4299.286,4299.513
4300.885,4301.499
4301.584954102412,4301.675895327648
4301.824556852972,4302.154243024225
4302.603,4302.841
4314.372791914406,4314.704308608317
4317.039,4317.383
4318.217,4318.328
4319.349,4319.487
4319.944,4320.099
4320.809,4321.126
4321.670697325054,4321.86893683361
4322.316,4322.782
4322.802221044921,4322.972038848974
4323.948,4324.099
4324.190244234053,4324.437865574417
4324.762,4324.99
4325.316,4326.147
4326.269,4326.365
4326.376179225665,4327.907956729956
4328.034,4328.24
4329.18,4329.351
4329.699,4331.006
4331.084331885098,4331.302110795295
4331.508,4332.075
4332.208,4332.713
4333.628,4333.906
4334.007405075361,4334.121835110347
4334.176,4334.331
4335.022,4335.394
4336.239,4336.751
4337.97,4338.15
4339.499,4339.786
4340.219,4340.691
4342.273,4342.525
4343.348,4343.637
4344.130102562913,4344.523250451823
4346.49,4347.056
4351.499,4351.718
4351.837,4351.974
4352.455,4352.627
4354.025,4354.123
4355.656,4355.86
4356.019,4356.222
4356.506950929132,4357.253172138614
4358.192,4358.444
4359.127,4359.222
4359.799,4360.466
4361.911281487657,4362.0882817168385
4362.094,4362.782
4363.159,4363.791
4364.26650876943,4364.497811114502
4365.205361291685,4365.4429748399725
4365.456,4365.645
4366.629,4366.88
4369.28,4369.48
4369.79,4369.96
4370.05,4370.24
4370.588,4370.876
4371.214,4371.313
4372.32,4372.546
4374.9973403441845,4375.123115918017
4375.738,4375.931
4376.66,4377.042
4377.367,4377.9
4378.421,4378.714
4378.988,4379.073
4379.609,4380.442
4380.575693100741,4380.836632992359
4381.503,4381.882
4382.058,4382.895
4382.934840069012,4384.658372860219
4385.972,4386.026
4386.751,4387.232
4388.614906366222,4388.852279954347
4389.229426164913,4389.535595679715
4389.838,4390.047
4390.709728894659,4391.038276704771
4391.053,4391.182
4391.268,4391.501
4391.93,4392.059
4392.426,4392.87
4392.872542469211,4393.102041569364
4394.021,4394.173
4394.478370418282,4394.905771964038
4394.911,4395.187
4397.159270582952,4397.421512986892
4397.427,4397.648
4398.462,4398.64
4399.34491409469,4399.457494995594
4399.794543279802,4400.138537471876
4400.382,4400.645
4400.647833148393,4400.779125255266
4400.849778483795,4400.940574616548
4401.1119442013805,4401.524525335949
4401.29,4401.512
4402.144,4402.474
4402.66634008499,4402.776098143393
4403.53,4404.795
4405.14,4405.415
4406.317970408982,4406.317970408982
4407.133,4407.307
4409.1,4409.253
4409.808,4410.274
4410.5147788372005,4410.619179198163
4411.137,4411.496
4411.819253317852,4412.232763346589
4412.361,4412.614
4413.314,4414.733
4415.221,4415.899
4416.011730333329,4416.322135459579
4416.431524783722,4416.73190047776
4416.938,4417.5
4417.683301275867,4417.998967827272
4418.553,4418.652
4419.207,4419.376
4420.15266015983,4420.338681530912
4420.407,4420.628
4420.963,4421.639
4421.650981913099,4421.861119528918
4422.419805790912,4423.088736242443
4423.224,4423.768
4423.88,4424.362
4424.3816947690975,4424.595883924823
4424.773,4424.952
4425.369,4426.141
4427.187394584461,4427.413380987462
4427.553,4427.803
4429.063,4429.26
4429.854238029268,4430.026020823184
4430.325,4430.659
4430.943,4431.767
4431.925,4432.057
4432.658,4433.277
4435.144082388971,4435.394335257486
4435.541,4435.791
4436.468,4436.845
4437.214582758696,4437.530781659064
4437.686,4438.07
4438.298905224133,4438.5148861717735
4438.857885543515,4439.151292158776
4439.405135350125,4439.522155174948
4439.685,4440.733
4440.77459355951,4440.996835138394
4441.283,4441.524
4441.526980686671,4441.661633787998
4441.784,4441.985
4442.177,4442.368
4442.674,4442.875
4445.402451294084,4445.599197303905
4445.795676652212,4445.973213938086
4447.012,4447.586
4448.059043263334,4448.252160882484
4448.442,4448.717
4449.393,4450.311
4450.636,4451.267
4452.067603515658,4452.174791965987
4453.206478664433,4453.648674193238
4453.919,4454.166
4454.675,4454.858
4454.861332680022,4455.009926080367
4455.016,4455.103
4457.635,4457.789
4458.6598619377,4458.803953466265
4459.681680011783,4459.942054961839
4460.436015152255,4460.73638928026
4460.961159980847,4461.03598643149
4461.803,4462.117
4462.341698763396,4462.555129347352
4463.323383826874,4463.421077848522
4463.559330050772,4463.705526045922
4463.832,4464.148
4464.421,4464.596
4464.598454929399,4464.865176686436
4465.313,4465.609
4465.907523459183,4466.029731145643
4466.088,4466.718
4467.032,4467.234
4468.083649631523,4468.294677834601
4468.643,4468.713
4469.013,4469.293
4469.871,4469.99
4470.179,4470.347
4470.70699056336,4471.594970515378
4472.612,4472.866
4473.693,4473.858
4473.919292867428,4474.064623536258
4474.815,4475.632
4475.967,4476.158
4476.53,4476.692
4478.245,4479.183
4479.186398623432,4479.364055974203
4479.762,4480.691
4480.897640161608,4481.091636723595
4481.451205384059,4482.761723097855
4481.586,4481.779
4484.337,4484.508
4484.715,4484.93
4485.718,4486.607
4487.393,4489.204
4490.516,4490.834
4491.424,4491.96
4492.89,4493.05
4493.54777770151,4493.840540140142
4494.844,4495.282
4495.2850145183975,4495.828139858319
4495.910202328192,4496.703077825126
4495.965,4496.169
4497.446,4497.942
4497.467,4497.901
4498.767750046664,4499.095764591507
4499.471,4499.92
4500.228647222038,4500.431958924623
4500.571,4500.794
4500.602,4500.815
4501.4649982335395,4501.9791048715415
4502.310905401176,4502.441429941489
4502.629,4503.02
4502.649,4503.02
4503.609,4503.778
4503.618,4503.798
4504.215,4504.938
4504.235,4504.928
4505.864,4506.051
4505.874,4506.051
4506.384,4507.282
4506.404,4507.175
4507.499181885648,4507.674055755217
4508.165,4508.398
4508.562,4509.409
4508.571,4509.428
4509.891028032586,4510.7782339556325
4511.127,4511.657
4511.136,4511.61
4512.204,4513.003
4512.233,4513.003
4513.582,4513.769
4513.601,4513.778
4514.512,4515.224
4514.577,4515.049
4515.602,4516.152
4515.703,4516.18
4516.737,4516.947
4517.492,4518.261
4517.492,4518.27
4518.522,4518.711
4518.549,4518.711
4519.841105155531,4520.010280647599
4520.016,4520.62
4520.025,4521.15
4522.283,4523.838
4522.309,4522.562
4523.535,4523.838
4524.886,4525.091
4524.886,4525.1
4525.262,4525.654
4525.288,4525.611
4525.843875871576,4526.12370694601
4526.146,4526.332
4526.172,4526.332
4529.939095678238,4530.045532966323
4530.838925364771,4530.953413587183
4534.077313851147,4534.505807121684
4534.607667211899,4535.136334887716
4536.097819887665,4536.5211061282225
4536.812734522564,4537.334344300223
4537.594518607618,4537.964042120897
4540.879833552676,4541.153781555781
4541.505286558426,4541.719699919845
4542.069911545802,4542.603407655528
4543.664784210879,4543.981737899518
4544.412862614154,4544.604071903363
4544.947625854195,4545.233309302422
4545.508941667927,4545.746139030438
4545.8693291870795,4545.964019865795
4546.559152153935,4547.133058318009
4548.488054462374,4548.673933848808
4549.313326897247,4549.91297277567
4551.277737322546,4552.321746629952
4553.231957954286,4553.510073402558
4553.733930344023,4554.589976592069
4556.267569129077,4556.477901163755
4556.906233007066,4557.080639528815
4558.199674292329,4558.751072015352
4559.2828471856965,4559.6161453595
4561.159230192259,4561.629948647197
4561.94827236517,4562.848160483209
4563.738778956,4564.863282216818
4565.54,4565.675
4565.873,4566.092
4566.583196312931,4566.935474216703
4567.263,4567.439
4568.211,4568.355
4570.253,4570.567
4570.570297245417,4570.954692422312
4570.719,4570.841
4571.237352016832,4571.408727163132
4571.567,4571.889
4572.5,4572.66
4573,4573.149
4573.418,4573.518
4575.68,4575.837
4576.082,4576.277
4576.599,4576.969
4577.736,4578.151
4578.623,4578.873
4579.17,4579.477
4579.925,4580.477
4580.489876468393,4580.727097628135
4581.058554782015,4581.257063766439
4581.530744895628,4581.83213175922
4581.942,4582.393
4582.8165926258325,4582.91933072378
4583.494,4583.726
4584.171,4584.319
4584.928,4585.056
4585.488,4586.055
4586.30405484608,4586.940172110483
4586.955,4587.082
4587.335,4587.561
4588.496,4588.952
4589.877,4590.426
4591.981134793915,4592.598389249181
4592.161,4592.595
4592.916,4593.158
4593.382,4593.76
4594.343,4594.77
4595.076,4595.254
4595.815445417078,4595.99255401492
4596.141,4596.377
4596.712,4596.838
4598.148,4598.688
4598.254,4598.434
4599.544,4599.807
4600.227,4600.437
4601.814,4601.939
4602.395,4602.716
4603.088,4603.201
4604.822,4605.189
4606.326,4606.589
4606.69,4606.841
4609.293,4610.273
4611.364,4611.687
4612.817,4613.35
4615.08,4615.319
4616.951,4617.121
4617.516,4617.638
4619.049,4619.892
4621.572,4621.745
4622.291,4623.411
4623.797,4623.941
4624.584,4624.754
4625.278,4626.117
4626.496,4626.873
4627.004,4627.301
4627.997,4628.205
4628.585,4628.861
4629.856,4630.35
4630.698,4631.341
4631.694,4632.214
4633.135,4633.338
4633.562,4634.158
4634.296,4634.476
4634.913308235795,4635.198710090552
4636.07,4636.532
4638.242,4638.408
4638.967,4639.225
4639.781,4640.428
4641.438,4642.423
4642.425793926888,4642.920766264593
4642.938,4643.391
4644.023,4644.214
4644.972,4645.915
4646.665,4647.019
4647.715,4648.048
4648.379,4648.632
4648.943,4649.388
4650.093,4650.4
4650.803,4651.071
4651.691,4652.498
4652.754,4653.329
4653.62,4655.681
4656.115,4657.052
4658.582,4658.754
4660.059,4660.273
4661.191,4661.607
4661.854,4662.066
4662.409,4662.725
4662.961,4663.197
4665.18,4665.89
4666.401,4666.723
4666.78577296015,4667.536995094145
4667.408,4667.534
4667.857,4667.987
4668.375,4668.709
4671.885,4672.938
4674.537,4675.315
4675.532,4675.801
4676.1,4676.306
4677.373,4678.128
4678.625,4678.838
4679.304,4679.989
4680.742,4681.401
4681.819,4681.988
4682.060932781237,4682.2494350801
4684.011,4684.695
4685.231,4685.784
4686.036,4686.248
4686.702,4687.45
4687.603,4688.424
4688.585,4688.718
4689.674,4690.585
4690.635072188203,4690.82220141449
4690.885,4691.36
4691.568187240157,4691.763337635303
4691.586785009664,4691.763337635303
4691.77,4692.529
4692.787,4693.082
4693.751,4694.454
4695.848,4696.118
4696.54,4697.494
4697.84,4698.168
4698.961,4699.347
4700.289,4700.835
4701.653,4701.851
4702.441,4702.577
4702.934,4703.13
4703.308,4703.604
4703.617115076885,4704.930817190314
4705.371,4705.985
4707.793,4708.261
4709.002,4709.171
4711.448,4711.541
4711.822,4712.714
4713.467,4715.635
4715.821169967333,4716.762018198182
4715.851606675822,4716.973698718842
4717.162,4717.935
4719.102,4719.429
4720.211,4720.713
4722.666,4723.315
4724.009,4724.355
4724.805,4725.368
4725.948,4727.166
4727.57,4728.243
4728.532,4728.644
4728.997,4729.802
4732.106,4732.45
4733.261,4733.709
4733.897,4734.654
4735.186,4735.372
4735.46,4737.064
4738.182,4738.501
4739.025,4739.281
4739.515049825189,4739.787640217405
4740.035,4740.233
4740.901,4741.315
4742.088,4742.359
4742.544,4742.782
4743.537,4743.796
4746.04,4746.358
4747.363,4747.815
4749.238,4749.779
4750.939,4751.052
4752.336,4752.499
4753.284,4753.507
4754.418,4754.64
4755.535,4755.805
4757.101,4757.319
4759.619,4760.514
4760.747,4761.336
4762.297,4762.727
4765.498,4765.75
4765.946,4766.783
4768.139,4768.249
4769.817,4770.999
4772.329,4772.984
4774.363,4775.416
4776.825,4776.992
4776.99472588061,4777.326590502358
4777.754,4779.39
4782.630843927769,4783.166594370117
4784.421,4784.75
4785.1,4787.161
4788.369,4788.742
4791.617633645609,4792.186068439749
4792.345,4792.537
4793.475,4793.776
4797.315,4797.55
4798.1192334779025,4798.58622297702
4798.301,4798.466
4798.894,4799.232
4801.163,4801.401
4801.404444116263,4801.6328258560825
4801.782,4801.943
4803.02,4803.209
4803.687,4803.874
4804.332,4804.481
4806.140672409645,4806.452988468511
4806.542,4806.652
4807.154,4807.391
4807.619,4807.746
4809.89,4810.166
4810.169360292278,4811.507396328595
4810.424,4810.664
4811.997,4812.163
4817.575,4819.007
4819.269,4821.087
4822.235,4822.417
4823.567,4823.821
4824.488,4824.825
4826.178,4826.794
4827.645,4828.09
4829.581,4830.214
4832.671,4832.922
4834.645,4835.711
4835.907,4836.113
4836.564,4837.1
4837.412,4837.509
4837.713,4838.003
4840.975841712045,4841.477220501713
4842.752,4843.079
4843.256,4843.452
4844.702,4844.804
4845.752015184931,4845.98039870378
4845.779442650366,4845.998651841514
4847.077,4848.221
4848.722,4848.936
4849.55273094507,4849.915834776067
4849.676840210525,4849.915834776067
4850.6,4850.952
4853.159,4853.72
4855.18,4855.48
4856.86,4856.959
4857.212,4857.311
4857.935,4858.328
4859.036,4859.568
4862.313235486255,4863.10080748642
4863.246,4863.395
4865.082,4865.229
4868.159,4868.355
4869.421,4869.543
4869.546481752453,4869.913548108677
4870.226,4870.53
4872.316,4872.486
4874.367,4874.535
4875.961,4876.088
4879.984,4881.3
4882.211,4882.845
4885.208,4885.545
4886.064,4886.382
4888.982,4889.777
4892.326,4892.597
4896.646,4897.472
4898.403,4900.607
4900.793716783773,4900.966079703276
4903.485,4903.877
4906.752,4909.004
4912.866789619735,4912.9567903658335
4915.815,4916.07
4917.0290418723935,4917.339851087879
4917.55,4917.985
4919.923,4920.189
4924.031,4924.804
4926.292,4926.871
4927.708,4928.735
4928.993,4929.161
4930.71,4931.487
4934.203,4934.462
4935.134,4935.335
4936.082,4936.671
4937.941,4938.634
4939.258,4939.465
4939.629,4939.847
4941.16,4941.613
4941.969,4942.817
4943.106,4943.586
4943.916,4944.054
4945.536,4946.576
4948.876064520355,4949.030792230129
4949.604,4949.809
4950.393,4950.903
4952.666,4953.319
4955.824,4956.12
4956.326,4957.549
4959.494,4959.791
4962.271,4962.553
4964.298,4966.001
4967.582,4967.772
4969.57,4970.031
4970.221,4970.337
4971.387,4971.812
4972.797,4973.071
4973.947,4974.264
4975.214,4976.091
4976.752,4977.009
4979.383,4979.548
4979.955,4980.197
4981.05,4981.41
4981.628,4981.736
4984.786,4985.075
4985.91810797836,4986.119563336889
4987.088,4987.246
4989.369,4990.146
4990.868,4991.125
4991.678,4992.097
4995.888,4996.741
4997.186,4998.032
4998.863,4999.544
4999.728,4999.883
5001.538,5001.653
5003.871,5004.124
5005.515,5005.7
5006.753,5006.881
5009.318,5009.561
5009.905154953486,5010.388017639074
5010.51,5010.67
5011.127,5011.325
5011.57,5011.826
5015.2,5015.496
5015.781,5016.224
5017.04,5017.367
5017.976,5018.144
5019.153,5019.621
5022.309,5022.485
5023.01,5023.534
5024.078,5024.296
5024.967,5025.129
5027.126,5027.35
5027.723,5028.01
5028.677,5029.1
5029.605,5029.952
5031.195,5032.119
5032.512,5033.253
5033.376,5033.991
5033.387,5033.263
5035.507,5036.516
5038.504,5038.989
5040.2,5040.396
5042.65,5042.958
5044.04,5044.924
5046.639999080266,5046.845554016214
5048.244,5049.549
5051.776,5052.018
5052.076859400589,5052.665098396918
5052.885,5052.967
5054.09,5054.195
5054.428,5055.577
5057.683,5058.209
5059.154,5059.358
5060.105,5060.77
5061.164,5060.725
5061.265,5061.366
5061.68,5063.385
5064.855,5065.93
5069.608,5069.8
5072.251,5072.472
5073.08,5073.415
5076.274,5076.971
5079.684,5080.315
5082.319,5082.428
5084.16,5084.383
5085.052,5085.409
5085.851,5086.197
5086.369,5086.684
5086.687566882126,5086.840215192703
5089.34,5089.48
5091.565,5091.822
5092.636,5092.964
5093.236,5093.39
5095.317092322472,5095.600389206269
5096.306856776201,5096.764701759971
5097.089,5097.791
5099.011,5099.301
5099.512433868237,5099.870457759311
5100.845,5101.144
5102.65,5103.184
5103.942,5104.28
5105.047842974402,5105.40651550359
5106.074,5106.653
5107.584,5107.971
5108.181,5108.445
5109.258,5109.914
5110.233160969828,5110.939723493509
5111.251,5111.672
5112.021009978271,5112.27948539527
5112.341,5112.888
5114.616,5114.754
5116.975,5117.143
5117.393,5118.007
5119.434,5119.773
5123.605,5123.995
5124.118141807463,5124.42697790053
5125.534,5125.948
5126.115,5126.381
5126.782,5127.485
5127.806,5128.688
5129.544,5129.851
5129.994,5130.481
5134.836,5134.956
5135.699,5136.146
5137.992,5138.146
5138.931,5139.132
5139.984,5140.29
5143.631,5143.839
5145.233,5145.944
5148.273,5148.826
5151.408,5151.596
5152.514,5153.119
5153.788,5154.552
5154.998,5155.411
5157.383,5157.64
5157.992,5159.278
5163.962,5164.27
5164.526,5164.71
5166.084,5166.721
5169.469,5169.904
5171.688,5172.097
5175.292,5177.892
5178.327,5178.568
5181.043,5181.356
5181.608,5183.569
5186.263,5186.533
5187.071,5187.258
5188.619,5188.816
5190.395,5190.716
5203.258,5203.62
5206.56,5206.873
5213.108,5213.358
5216.104,5216.26
5216.777,5217.524
5220.292,5220.765
5222.844,5223.094
5224.195,5224.525
5224.589185506838,5224.698901948832
5227.155,5227.924
5229.096,5229.453
5229.905,5230.154
5232.886,5233.237
5236.373,5236.603
5236.923,5237.038
5239.22,5239.39
5241.722,5241.912
5243.253,5243.672
5244.54,5244.77
5245.839,5246.165
5246.912,5247.752
5250.343,5250.534
5251.082,5251.608
5253.288,5253.599
5254.651,5254.836
5255.267,5255.605
5257.062538898897,5257.426345603798
5260.162,5261.256
5261.521,5261.688
5261.981,5262.216
5264.919,5265.062
5265.148,5265.31
5266.797,5266.967
5267.455,5267.848
5269.419,5269.751
5269.874,5270.033
5270.34,5270.524
5271.416,5271.586
5272.413,5272.777
5273.671,5273.803
5275.005,5275.304
5275.602,5276.139
5276.344738209991,5276.760589273009
5276.496,5276.698
5278.282,5278.423
5278.635,5280.122
5282.567,5282.923
5284.536,5284.718
5284.888,5284.968
5288.899,5289.885
5293.382,5293.857
5295.51,5295.712
5296.181,5296.393
5298.659,5298.763
5301.344,5302
5303.223,5303.618
5305.208,5305.528
5306.135,5307.037
5310.286,5311.82
5313.014,5313.372
5316.826,5317.355
5318.070450713878,5318.303030545436
5318.336,5318.519
5320.635,5320.744
5321.009,5321.214
5321.852,5322.009
5323.11,5323.421
5324.882,5325.425
5326.449,5326.883
5327.351,5327.538
5327.759,5327.934
5328.530586640916,5329.468405094879
5332.8323347737305,5333.036254527065
5333.756,5333.992
5333.9960402721335,5334.243603763443
5334.633,5335.35
5336.408,5336.585
5337.581,5338.087
5338.724,5338.943
5339.587,5340.229
5340.965,5341.116
5341.547,5341.848
5342.759,5342.898
5343.782,5343.994
5345.398,5345.586
5346.016,5346.121
5347.391,5347.671
5348.064,5349.113
5350.114,5350.378
5352.816,5353.016
5354.947,5355.584
5357.006,5357.354
5359.85,5360.03
5360.891,5361.306
5365.397,5365.754
5366.552,5366.772
5368.149,5368.441
5369.65,5370.468
5371.701,5371.939
5373.883,5374.19
5375.41,5378.174
5378.623,5378.853
5379.174,5380.59
5382.028,5382.4
5387.303,5387.718
5390.554103947866,5390.768264413193
5391.185043770146,5391.579431374203
5391.852,5392.245
5393.027,5393.68
5394.997,5395.973
5396.582,5397.075
5397.955,5398.302
5399.266,5399.579
5403.291,5403.752
5404.727,5404.979
5405.926,5406.272
5406.559,5406.722
5407.751,5407.997
5408.729,5409.159
5409.538,5409.74
5411.022,5411.173
5412.819,5413.65
5414.367,5414.97
5417.122,5417.317
5419.432,5419.901
5421.454,5421.668
5422.474,5422.888
5424.838,5425.363
5425.979,5426.095
5427.670674871952,5428.015505562748
5428.631,5428.871
5430.112,5430.452
5431.311,5431.401
5431.784,5432.613
5434.57,5434.714
5435.067,5435.288
5436.418,5436.614
5438.395,5438.902
5444.381,5445.776
5446.853,5447.789
5449.684,5450.143
5451.197,5452.771
5454.037,5454.211
5454.311471821232,5454.475717329645
5454.8,5454.963
5455.252,5455.644
5457.79,5458.019
5458.527,5458.958
5461.701,5461.976
5463.457,5463.729
5464.914,5465.627
5468.73,5469.079
5470.652,5471.058
5471.879,5472.436
5473.051,5473.981
5474.988,5475.303
5477.136,5477.736
5478.665,5479.145
5479.282,5479.396
5480.419,5480.905
5483.451,5483.684
5483.984,5484.328
5485.321,5485.717
5486.964,5487.54
5489.635893260485,5489.84999886464
5489.9,5490.806
5492.329,5492.487
5493.556,5494.066
5494.762,5494.907
5495.619,5495.907
5496.122,5496.358
5497.022,5497.348
5498.24,5498.835
5499.808,5500.077
5500.455,5500.882
5503.162,5503.532
5504.335,5504.538
5504.894,5505.105
5506.344,5506.55
5506.987,5507.334
5507.475,5507.987
5508.88,5509.415
5509.821,5510.34
5510.934,5511.475
5511.965,5512.304
5513.179,5513.379
5513.901,5514.001
5514.175,5514.41
5516.348,5517.902
5520.817,5521.021
5521.048812897956,5521.144715327173
5521.201,5521.536
5523.582,5523.818
5524.608,5525.266
5525.269928420306,5525.586189047408
5525.293373872977,5525.621295388829
5526.213,5526.586
5527.179,5527.492
5530.139162049887,5530.389967648831
5531.883,5532.582
5533.725,5534.027
5534.361,5534.539
5536.1249456103415,5536.301017785691
5536.1249456103415,5536.290018853476
5536.999,5537.295
5537.535,5538.047
5539.509,5540.391
5541.416,5543.226
5544.442,5544.994
5547.14,5547.385
5552.444,5552.916
5554.516,5554.874
5555.166,5555.257
5556.599,5557.869
5558.912,5559.182
5560.219,5560.972
5561.341,5561.595
5562.658,5562.885
5563.351,5564.143
5564.581,5565.031
5568.766,5568.864
5570.231,5570.583
5571.769,5572.456
5573.547,5574.144
5581.797,5582.322
5583.762,5585.971
5586.416,5587.954
5590.477,5590.736
5592.072,5592.607
5594.117,5594.402
5597.547,5598.094
5599.344,5599.681
5601.424679230504,5602.735063421098
5602.93,5604.226
5607.318,5608.887
5609.603,5609.979
5611.22,5611.439
5613.158,5613.401
5613.771,5614.051
5622.645,5623.059
5623.484,5623.933
5624.694,5625.043
5627.007,5628.904
5629.492,5629.997
5633.1,5634.259
5635.955,5637.208
5638.797,5639.153
5640.393,5640.8
5643.224,5643.364
5645.418,5645.738
5647.307,5647.517
5649.286,5649.618
5650.374,5650.848
5654.212,5654.473
5655.521,5656.442
5659.24,5660.007
5660.601,5660.785
5662.109,5662.41
5665.147,5665.482
5666.048,5666.291
5669.157,5669.359
5672.928,5673.35
5674.785519084916,5675.129550512039
5677.120284599322,5677.54506922872
5682.518,5683.295
5684.01,5684.128
5684.466,5685.247
5687.706,5688.015
5688.3159613993375,5688.5784342575735
5688.905,5689.337
5690.978708081164,5691.147238163192
5694.28,5695.53
5701.712931355058,5701.880654380948
5707.855,5708.496
5714.103,5714.275
5715.559868863055,5715.783536012522
5719.004,5719.263
5720.141,5720.797
5721.669,5721.899
5722.473,5722.957
5725.157,5725.459
5729.207673025097,5729.318559555466
5732.22801345799,5733.171949703855
5732.95,5733.168
5735.951644748792,5736.308041071574
5736.92,5737.133
5741.278,5741.463
5741.923,5742.245
5745.382,5746.146
5754.826,5755.935
5756.836,5758.643
5759.107,5759.446
5760.264,5760.539
5761.006,5761.199
5762.75,5763.269
5764.155,5764.359
5771.608,5771.936
5775.675,5776.255
5777.717,5778.407
5787.997,5788.349
5788.773,5789.159
5790.421,5790.959
5791.52,5792.15
5796.406,5796.88
5798.261,5799.368
5805.039,5805.347
5805.832645559427,5805.996554620939
5807.773,5808.064
5812.029,5812.594
5814.317,5814.893
5817.0779350113735,5817.713089112759
5817.739,5817.94
5822.516,5822.854
5823.905,5824.268
5825.899,5826.246
5827.188,5827.519
5828.864,5829.232
5833.441,5834.352
5835.374,5836.366
5838.284,5838.723
5839.511,5839.723
5841.003,5841.511
5842.619,5843
5844.015,5844.903
5847.673,5848.46
5850.531,5850.766
5851.563,5851.949
5855.723,5856.19
5859.736,5860.081
5860.702,5861.011
5863.607,5863.867
5867.508,5867.983
5868.509,5868.918
5871.151,5871.788
5874.205,5874.566
5875.055962953632,5875.941315075844
5886.539,5887.773
5888.701,5888.949
5892.272835722271,5893.04031303096
5893.049,5894.41
5898.017,5899.74
5900.589,5900.81
5901.007,5901.802
5904.72433978793,5905.336041386861
5905.523,5907.19
5908.301,5908.677
5910.558,5910.999
5913.416,5914.85
5916.932,5917.479
5920.414,5923.23
5923.947,5926.129
5929.072,5929.34
5929.791,5930.097
5932.136,5934.946
5936.544,5939.029
5940.599,5942.452
5943.119,5943.333
5943.971,5945.137
5945.875,5948.868
5950.741,5951.011
5951.601,5952.023
5956.458,5957.406
5958.929,5961.733
5964.805,5966.694
5967.4180668169765,5967.864765070174
5967.567,5967.825
5968.212,5970.909
5971.599,5973.211
5973.801,5974.535
5976.534330268971,5976.86802853127
5979.333,5979.737
5980.433,5981.169
5983.791,5984.098
5985.488,5986.084
5986.698,5987.05
5990.34,5990.918
5992.519,5992.827
5993.344,5993.887
5995.758,5996.158
5997.435,5998.27
5998.72,5999.196
6002.247,6002.903
6003.624,6003.97
6005.561,6005.904
6007.506,6007.885
6014.047,6015.058
6017.5,6018.097
6021.392,6021.758
6024.066,6024.294
6026.736,6026.961
6028.923,6029.75
6030.538,6033.177
6038.471,6039.206
6042.978,6044.474
6048.122,6049.653
6056.915,6057.15
6059.104,6059.432
6062.111,6062.421
6064.5204555313385,6066.489504602073
6064.596,6065.21
6078.174649303535,6078.773520825382
6079.391,6079.701
6080.521798004915,6081.002492419171
6082.957,6083.262
6083.363015359213,6084.2479263990745
6088.20580251689,6088.477504136665
6088.792,6089.086
6091.039,6091.526
6095.876642822023,6096.169720115482
6102.507,6102.895
6105.551,6106.456
6108.795,6109.186
6116.002,6116.731
6124.203,6124.541
6131.074,6131.363
6132.813,6133.177
6139.117,6139.281
6139.771,6140.599
6144.695,6145.099
6148.054,6148.617
6150.238,6150.783
6153.747,6154.396
6156.054,6156.328
6157.864,6158.282
6158.309254335792,6158.692582869238
6166.103,6166.509
6167.562,6167.837
6169.463,6169.727
6171.555,6171.846
6172.427,6172.833
6181.403,6181.612
6190.095,6190.431
6195.915,6196.451
6198.578,6200.504
6206.417,6210.652
6212.186041037217,6212.533444556781
6213.579,6214.22
6216.105,6216.795
6217.063,6217.319
6218.247,6218.49
6219.2776464899225,6219.53024627483
6221.774314528354,6222.338767382074
6222.811310200238,6223.696189157668
6225.854,6226.096
6226.177163128571,6227.031341031354
6229.151,6229.527
6232.598,6232.924
6235.135,6236.365
6241.386310727684,6241.600829069469
6241.957929695327,6242.200451220923
6246.645,6247.106
6251.119,6251.53
6253.414750300702,6253.713074042763
6255.194,6255.45
6256.268,6256.763
6257.536,6257.935
6258.43032777585,6259.500956721067
6260.552914850815,6260.867446170146
6263.064,6265.036
6267.026,6267.292
6269.272,6269.698
6270.447,6270.895
6275.583,6275.922
6278.144,6286.803
6286.807116755456,6287.6530826166
6289.326,6292.626
6292.908,6294.376
6294.623,6295.563
6296.033,6299.299
6299.955,6302.751
6303.555,6303.963
6304.356,6313.132
6314.402,6316.191
6316.578,6316.826
6317.87,6318.158
6318.801,6319.455
6320.527,6320.812
6321.122,6323.352
6325.267,6326.587
6333.299323549446,6333.870461441941
6333.426,6333.183
6343.905,6345.811
6346.024,6346.497
6351.892,6356.066
6356.863,6357.336
6361.905,6362.238
6363.281,6363.794
6370.216,6371.124
6374.218,6372.567
6376.531,6376.874
6393.613,6393.969
6394.838,6395.1
6398.984,6399.931
6404.723,6407.912
6412.399,6413.019
6413.849,6414.109
6418.191,6418.444
6419.316,6418.818
6425.287,6426.457
6430.389,6430.86
6432.154416483451,6432.441784879868
6435.088423688714,6436.921694064128
6442.075,6442.54
6450.527,6541.367
6451.785,6452.37
6453.866,6454.377
6460.794,6463.093
6466.278,6466.68
6484.793,6486.092
6492.432,6492.887
6497.364,6497.767
6503.318,6506.147
6510.316,6511.109
6516.33,6517.788
6518.186,6520.028
6520.353,6521.393
6525.519,6525.959
6530.174,6530.658
6531.69,6532.197
6534.028,6534.384
6538.041,6539.369
6540.662,6541.184
6543.008,6543.448
6543.862,6544.463
6545.572,6546.748
6549.124,6553.365
6554.287,6555.766
6556.934888206335,6557.386444665913
6557.601,6557.763
6558.7446401855395,6560.158855440799
6561.521,6562.262
6563.753,6564.878
6564.894834510609,6566.374421508049
6573.742876941601,6574.854670241513
6576.505744404049,6576.732113321721
6581.553,6581.893
6582.958417955623,6583.164224984045
6588.252090618726,6588.6687200837105
6589.795,6590.209
6594.25449854783,6594.590263744443
6600.790783525306,6601.251944356382
6607.219450497927,6607.521713698488
6608.647768018763,6608.9478133119555
6611.249,6611.777
6620.146,6620.758
6626.816161813042,6626.980799561751
6627.105,6627.61
6632.483,6634.095
6635.071134111217,6635.338067192799
6638.112,6638.982
6646.027,6646.304
6661.541,6661.887
6664.921,6665.162
6667.184,6667.527
6672.727,6673.083
6683.929,6684.214
6694,6694.294
6696.227,6696.626
6709.052,6711.174
6713.184,6715.163
6721.061,6722.184
6723.414800021709,6724.0407040339
6731.884,6732.562
6739.928534567153,6740.995393669351
6744.919149702074,6745.100251133582
6749.614,6750.918
6757.222,6757.745
6758.207377592105,6758.6764323977495
6759.2611080735505,6764.415902083449
6764.713,6767.894
6783.91,6784.48
6786.376,6788.516
6788.901,6789.332
6795.855755249268,6796.3541559735895
6800.639,6801.601
6803.56,6803.922
6806.057,6806.968
6818.332,6820.239
6833.294,6833.991
6842.609034172795,6843.109541418444
6844.9364244160315,6845.158776161253
6846.192529167669,6846.792594485425
6846.212,6846.284
6849.387755002482,6849.628170618316
6851.086849495613,6852.484861029957
6861.868,6863.875
6868,6937
6937.013,6938.198
6939.478,6940.504
6941.395,6946.697
6948.372,6952.973
6954.938,6956.156
6957.447,6961.554
6962.893,6969.639
6970.434,6972.962
6976.036,6977.236
6983.195,6984.617
6986.357,6989.953
6990.675,6994.139
6995.145,6998.193
6998.909,7000.736
7003.913,7004.481
7005.797,7007.684
7008.637,7008.937
7010.898630577234,7012.138083526731
7012.427,7012.86
7014.223,7015.02
7018.275988994434,7018.71320200967
7018.389,7018.708
7020.668,7023.176
7024.386270352122,7024.649670398586
7025.224989554663,7025.5532083831695
7028.258,7031.775
7032.687,7033.15
7036.949,7040.057
7041.481,7046.507
7046.87,7059.758
7060.114,7061.632
7062.901,7064.803
7066.757,7067.06
7067.473,7067.802
7068.637,7068.951
7070.446,7070.689
7076.14,7080.999
7083.789,7084.604
7085.453,7086.359
7088.866,7090.913
7096.114,7096.424
7098.689,7102.29
7104.108,7104.476
7107.758,7108.436
7109.705,7109.919
7131.167,7132.615
7135.927,7136.445
7137.375,7139.557
7140.967,7144.002
7144.914,7145.411
7149.124,7149.778
7151.548,7152.318
7153.016,7153.262
7155.946,7156.43
7158.026088450171,7158.823236728961
7160.652,7166.043
7166.779,7167.853
7168.983,7177.755
7177.968,7178.698
7178.945,7179.097
7179.113,7181.844
7183.38,7183.794
7186.175,7186.754
7187.96,7190.358
7193.152,7194.066
7194.370021473258,7194.585420403022
7195.292,7195.869
7196.922,7197.218
7197.644,7197.939
7199.147,7203.716
7205.694,7208.773
7210.072,7211.303
7213.068,7214.314
7215.172,7215.661
7216.802,7217.984
7218.316,7220.285
7221.821,7222.562
7225.2182417556,7225.656976310814
7227.89,7228.093
7229.288,7230.335
7234.005,7237.1
7237.941,7246.599
7247.295,7252.409
7254.168,7255.797
7256.481,7262.866
7263.163,7263.472
7264.07,7268.028
7269.458,7270.448
7271.555,7273.261
7274.494,7276.997
7277.290198010212,7277.527180118859
7277.657,7280.317
7280.719,7284.028
7285.067,7285.627
7289.104,7290.576
7292.216,7292.713
7292.985,7293.272
7293.83,7294.737
7295.228,7296.917
7296.985464505601,7297.127005301682
7297.138,7302.41
7302.687,7304.707
7304.951,7308.411
7308.726,7309.817
7310.308,7311.613
7314.39,7317.593
7318.598,7319.484
7319.939,7320.295
7320.508,7320.904
7324.065,7325.676
7325.860609220119,7327.880685677994
7328.789,7331.933
7332.427,7332.707
7332.778969866537,7333.071718117197
7334.101,7335.273
7335.641,7337.207
7337.2247715243,7337.614009129345
7345.655,7346.468
7349.639,7350.491
7351.078237388249,7352.921503297822
7351.091,7351.665
7355.745487847654,7356.293048777163
7358.17,7359.238
7360.111,7361.085
7362.09,7363.248
7364.555,7365.873
7366.539,7367.458
7369.573,7372.024
7373.425,7373.484
7375.149,7376.845
7378.682990155453,7381.020766984067
7384.105403418053,7384.823017304544
7385.549,7386.864
7388.768,7389.441
7390.44,7391.03
7391.759,7395.354
7395.811,7396.283
7397.933,7398.415
7398.926,7400.98
7407.973,7408.85
7412.128317124677,7412.987744980111
7413.726,7416.19
7421.2,7421.55
7422.609,7423.33
7429.402,7429.967
7434.08,7434.691
7439.416,7440.146
7447.997,7448.228
7449.700830776247,7450.212106701695
7456.723,7457.053
7458.971,7459.972
7466.992,7467.672
7469.916,7474.604
7478.813,7480.047
7488.045,7491.2
7506.056,7506.547
7513.938,7514.476
7532.627,7533.123
7535.756,7536.193
7545.364,7545.875
7548.016,7549.794
7554.739,7557.29
7562.039,7565.394
7566.771,7569.824
7571.45,7571.931
7586,7691
7691.114,7693.447
7694.668,7697.116
7697.779,7698.174
7698.848,7699.282
7700.356,7700.565
7704.728,7705.122
7705.717,7706.082
7711.877,7712.333
7712.71,7713.68
7714.708,7715.921
7716.544,7717.125
7717.50903481953,7717.898922334456
7718.282,7720.472
7722.22,7723.091
7724.221,7725.01
7726.6,7726.879
7727.81,7728.312
7734.105,7736.158
7767.121,7761.882
7783.256,7783.619
7788.896,7789.632
7796.173,7796.613
7800.86,7802.914
7813.027228800308,7813.517657480518
7813.125,7813.105
7823.711,7824.091
7828.097187080897,7829.3328044339305
7828.71,7828.122
7842.033,7843.286
7847.294,7847.84
7857.806,7858.382
7866.3901479347405,7869.701137721027
7871.8788963353945,7874.244247993207
7874.652,7879.072
7879.445,7881.335
7882.735,7893.411
7893.434061926662,7898.345716070459
7902.561,7914.204
7917.462,7920.115
7920.90822025928,7925.808706181682
7926.404266983793,7932.1881960616365
7933.730846222403,7934.3308453280815
7935.471469877699,7938.850329732598
7939.643320879447,7943.086565193116
7944.03212622812,7945.661695989711
7946.455158117334,7947.623456730194
7949.83945233203,7951.543579097488
7960.137597013173,7960.960299838788
7961.695194158349,7963.226894043812
7964.867958859072,7966.783694887566
7967.569449516871,7970.5402907447715
7970.853613854826,7971.74199876109
7972.823560439588,7979.087630091494
7979.756055556683,7986.707312222972
7987.09247333348,7997.020750764711
8000.097387534657,8000.862785890831
8001.826110810362,8007.436746016051
8009.237762676235,8018.876178059106
8021.408831076839,8023.648425554413
8024.601525503523,8026.536119286956
8027.008244254772,8028.890248687225
8029.437210744883,8030.333875641238
8030.645201130647,8036.983139269859
8037.497892167099,8037.7073727689385
8038.144940904129,8045.9389259474
8047.419381608724,8047.991151893449
8050.450441581101,8051.363002088144
8051.745454247492,8067.869892215272
8068.539899990702,8071.475027844799
8072.119141346802,8074.981474489961
8077.663330940012,8082.634352449963
8082.845407314873,8087.09193150196
8087.553818297033,8094.697404598985
8096.279988814742,8097.714335164196
8098.53402741726,8098.927576843675
8101.094091177171,8110.2681741890465
8110.739349300516,8114.046952655421
8114.508692051905,8116.979180889219
8117.282166936203,8129.909500372987
8161,8286
8286.029733862586,8292.123602619236
8292.537665437963,8294.803529738001
8295.997246323612,8303.293185988408
8306.299744565802,8311.819149756166
8312.774129965244,8329.00551134377
8329.622533846406,8333.916081585538
8334.345864116955,8337.12944083638
8337.608010242988,8341.542115103608
8349.316765154877,8350.075252350109
8584.818493366723,8595.85616871743
8599.544834417666,8600.059857335578
8603.175070509895,8608.097917930705
8608.560216916661,8609.142217591772
8609.823288225381,8613.861086136158
8614.414185239433,8615.694583629343
8616.989562090448,8618.376892883321
8618.863971605484,8623.675035953422
8624.249753156108,8634.525115836464
8635.982962005877,8638.803915756353
8643.557681801609,8645.628855913534
8651.418257389436,8655.065284623879
8658.796203761549,8659.43794433326
8664.264103866242,8664.8750420161
8670.350968267141,8676.466096218188
8677.49733546287,8677.93332263471
8681.036719538979,8681.63351064613
8682.15236895874,8683.03442527253
8685.057552021692,8685.612555231219
8689.644478942497,8690.171770476909
8691.236446670438,8697.496375256389
8701.300651667225,8701.616072897466
8702.8444976859,8706.447435975346
8706.55046900304,8707.879004450393
8709.007909678943,8712.181257284148
8723.00655460934,8728.803343166153
8731.686483790281,8737.6009806269
8738.599962818698,8744.158475573091
8746.989802696391,8754.025032662972
8754.879028276295,8757.802189193499
8761.883850643735,8764.885015207348
8769.012358340955,8772.206351674777
8774.338592763706,8775.11617833754
8780.910227626984,8781.306840408735
8782.424355891055,8787.95461858786
8805.530458392699,8806.798079813923
8807.321389835828,8810.417939578434
8810.750654007286,8812.075895123176
8813.89829531725,8826.295882128703
8830.267427646311,8830.780575672889
8946,9005
9047,9212
9270,9516
9570,9800
11265,11830